
<skin>
    <!-- missing EventViewContextMenu -->
    <!-- missing EventViewSimple -->
    
    <!-- Eventview -->
    <screen name="EventView" position="center,111" size="1800,880" title="Eventview">
        <ePixmap pixmap="nitrofhd-oealliance/buttons/red.png" position="588,833" size="300,40" alphatest="blend" scale="1" />
        <ePixmap pixmap="nitrofhd-oealliance/buttons/green.png" position="888,833" size="300,40" alphatest="blend" scale="1" />
        <ePixmap pixmap="nitrofhd-oealliance/buttons/yellow.png" position="1188,833" size="300,40" alphatest="blend" scale="1" />
        <ePixmap pixmap="nitrofhd-oealliance/buttons/blue.png" position="1488,833" size="300,40" alphatest="blend" scale="1"/>
        <widget name="key_red" position="588,833" size="300,40" zPosition="1" font="Regular;24" halign="center" valign="center" transparent="1" backgroundColor="background" />
        <widget name="key_green" position="888,833" size="300,40" zPosition="1" font="Regular;24" halign="center" valign="center" transparent="1" backgroundColor="background" />
        <widget name="key_yellow" position="1188,833" size="300,40" zPosition="1" font="Regular;24" halign="center" valign="center" transparent="1" backgroundColor="background" />
        <widget name="key_blue" position="1488,833" size="300,40" zPosition="1" font="Regular;24" halign="center" valign="center" transparent="1" backgroundColor="background" />
        <widget name="channel" position="340,30" size="1440,50" font="Bold;42" foregroundColor="foreground" backgroundColor="background" transparent="1" />
        <widget name="datetime" position="340,100" size="180,40" font="Bold;30" foregroundColor="yellowB" backgroundColor="background" transparent="1" halign="left" />
        <widget name="duration" position="540,100" size="170,40" font="Bold;30" foregroundColor="blue2" backgroundColor="background" transparent="1" halign="left" />
        <widget source="Service" render="Picon" position="40,20" zPosition="5" size="270,160" alphatest="blend" transparent="1">
            <convert type="ServiceName">Reference</convert>
        </widget>
        <widget name="epg_description" position="40,200" size="1740,620" font="Regular;30" foregroundColor="foreground" backgroundColor="background" />
    </screen>
</skin>
