
<skin>
	<!-- MainMenu Hauptmenu -->
	<screen name="Menu" position="40,0" size="700,1080" title="Main menu" flags="wfNoBorder" backgroundColor="transparent">
		<ePixmap pixmap="nitrofhd-oealliance/images/men.png" position="0,0" size="700,1080" />
		<widget backgroundColor="background" font="Bold; 36" foregroundColor="Nitro2" position="45,65" render="Label" size="600,40" source="title" transparent="1" zPosition="1" valign="center" halign="left" />
		<widget source="menu" render="Listbox" position="35,120" size="600,770" zPosition="3" enableWrapAround="1" transparent="1" backgroundColor="background">
			<convert type="TemplatedMultiContent">{"template": [
				MultiContentEntryText(pos = (60,16), size = (520, 40), flags = RT_HALIGN_LEFT, text = 0),				
				MultiContentEntryPixmapAlphaBlend(pos = (10,15), size = (40,40), png = 5)
				],
				"fonts": [gFont("Regular", 34)],
				"itemHeight": 70
				}</convert>
		</widget>
		<widget source="menu" render="Listbox" position="10,895" size="610,120" zPosition="1" scrollbarMode="showNever" selectionDisabled="1" transparent="1">
			<convert type="TemplatedMultiContent">{"template": [
						MultiContentEntryText(pos = (0, 0), size = (610, 120), flags = RT_HALIGN_CENTER|RT_VALIGN_CENTER|RT_WRAP, text = 4) ],
				"fonts": [gFont("Regular", 28)],
				"itemHeight": 120
				}</convert>
		</widget>
	</screen>
	
	<!-- Setup -->
	<screen name="Setup" position="center,111" size="1400,880" title="Setup">
		<ePixmap pixmap="buttons/red.png" position="188,833" size="300,40" alphatest="blend" />
		<ePixmap pixmap="buttons/green.png" position="488,833" size="300,40" alphatest="blend" />
		<ePixmap pixmap="buttons/yellow.png" position="788,833" size="300,40" alphatest="blend" />
		<ePixmap pixmap="buttons/blue.png" position="1088,833" size="300,40" alphatest="blend" />
		<widget source="key_red" render="Label" position="188,833" size="300,40" zPosition="1" font="Regular;24" halign="center" valign="center" transparent="1" backgroundColor="background" foregroundColor="foreground" />
		<widget source="key_green" render="Label" position="488,833" size="300,40" zPosition="1" font="Regular;24" halign="center" valign="center" transparent="1" backgroundColor="background" foregroundColor="foreground" />
		<widget name="config" position="11,0" size="1379,800" itemHeight="40" scrollbarMode="showNever" zPosition="1" textOffset="20,0" font="Regular;30" secondfont="Regular;27" />
	</screen>
</skin>
