<?xml version="1.0" encoding="UTF-8"?>
<skin>
	<!-- Movieselection -->
	<screen name="MovieSelection" position="center,111" size="1800,880" title="Movie Selection">
		<ePixmap pixmap="nitrofhd-oealliance/buttons/red.png" position="588,821" size="300,54" alphatest="blend" scale="1" />
		<ePixmap pixmap="nitrofhd-oealliance/buttons/green.png" position="888,821" size="300,54" alphatest="blend" scale="1" />
		<ePixmap pixmap="nitrofhd-oealliance/buttons/yellow.png" position="1188,821" size="300,54" alphatest="blend" scale="1" />
		<ePixmap pixmap="nitrofhd-oealliance/buttons/blue.png" position="1488,821" size="300,54" alphatest="blend" scale="1" />
		<widget name="key_red" position="588,823" size="300,50" zPosition="1" font="Regular;22" halign="center" valign="center" transparent="1" backgroundColor="background" />
		<widget name="key_green" position="888,823" size="300,50" zPosition="1" font="Regular;22" halign="center" valign="center" transparent="1" backgroundColor="background" />
		<widget name="key_yellow" position="1188,823" size="300,50" zPosition="1" font="Regular;22" halign="center" valign="center" transparent="1" backgroundColor="background" />
		<widget name="key_blue" position="1488,823" size="300,50" zPosition="1" font="Regular;22" halign="center" valign="center" transparent="1" backgroundColor="background" />
		<ePixmap pixmap="icons/info.png" position="21,840" size="70,30" alphatest="blend"  />
		<ePixmap pixmap="icons/menu.png" position="92,840" size="70,30" alphatest="blend"  />
		<ePixmap pixmap="icons/pvr.png" position="164,840" size="70,30" alphatest="blend" />
		<widget name="list" position="500,10" size="1290,600" scrollbarMode="showNever" transparent="1" foregroundColor="foreground" backgroundColor="background" />
		<ePixmap pixmap="images/movie_cover.png" position="45,70" size="395,520" zPosition="-2" scale="1"/>
		<widget source="Service" render="Cover" position="45,70" size="395,520" alphatest="blend" />
		<widget source="Service" render="Label" position="30,10" size="440,50" zPosition="2" font="Bold;34" foregroundColor="selBarForeground" transparent="1" backgroundColor="background" noWrap="1">
			<convert type="MovieInfo">RecordServiceName</convert>
		</widget>
		<widget source="Service" render="Label" position="11,600" size="230,50" zPosition="2" font="Bold;39" halign="right" foregroundColor="foreground" transparent="1" backgroundColor="background">
			<convert type="ServiceTime">Duration</convert>
			<convert type="ClockToText">AsLength</convert>
		</widget>
		<eLabel text="Min" size="70,50" position="310,600" zPosition="2" font="Bold;39" halign="left" foregroundColor="foreground" backgroundColor="background" transparent="1" />
		<eLabel position="70,648" size="350,2" backgroundColor="Nitro2" zPosition="0" />
		<widget source="Service" render="Label" position="11,655" size="450,50" zPosition="2" font="Bold;39" halign="center" foregroundColor="foreground" transparent="1" backgroundColor="background">
			<convert type="MovieInfo">FileSize</convert>
		</widget>
		<eLabel position="500,610" size="1290,1" backgroundColor="Nitro2" zPosition="0" />
		<widget source="Service" render="RunningText" options="movetype=running,direction=top,startpoint=0,startdelay=8000,wrap=1,always=0,repeat=2,oneshot=1" position="500,620" size="1290,195" zPosition="2" font="Regular;26" transparent="1" backgroundColor="background" foregroundColor="foreground">
			<convert type="EventName">ExtendedDescription</convert>
		</widget>
		<widget name="waitingtext" position="500,810" size="1290,80" zPosition="4" font="Regular;26" halign="center" valign="center" />
		<widget font="Bold; 20" foregroundColor="grey" backgroundColor="background" position="20,780" render="Label" size="460,60" source="Title" transparent="1" zPosition="2" noWrap="1" valign="center" halign="left" />
		<widget name="freeDiskSpace" position="20,730" size="460,50" font="Bold;20" foregroundColor="grey" valign="center" halign="left" zPosition="2" transparent="1" backgroundColor="background" />
	</screen>
	
	<screen name="MovieSelectionSlim" position="0,0" size="1920,1080" backgroundColor="mid" flags="wfNoBorder">
		<panel name="MovieSelection" />
	</screen>
	
	<!-- PVR state -->
	<screen name="PVRState" position="1522,26" zPosition="2" size="368,136" backgroundColor="transpBlack" flags="wfNoBorder">
		<widget name="state" position="18,12" size="334,104" font="Regular; 45" halign="center" backgroundColor="transpBlack" foregroundColor="green2" />
	</screen>
	
	<!-- Movieplayer infobar -->
	<screen name="MoviePlayer" position="0,810" size="1920,225" backgroundColor="transparent" flags="wfNoBorder">
		<!-- Background -->
		<ePixmap pixmap="nitrofhd-oealliance/images/IbMov.png" position="0,0" size="1920,225" alphatest="blend" zPosition="-1" />
		<!-- Time -->
		<widget source="global.CurrentTime" render="Label" position="60,10" size="100,27" font="Bold;28" foregroundColor="background" backgroundColor="Nitro3" transparent="1">
			<convert type="ClockToText">Default</convert>
		</widget>
		<!-- Servicename -->
		<ePixmap pixmap="skin_default/icons/icon_event.png" position="170,20" size="30,20" alphatest="blend" />
		<widget source="session.CurrentService" render="Label" position="220,10" size="1180,30" font="Bold;28" valign="top" noWrap="1" backgroundColor="Nitro3" foregroundColor="background" transparent="1">
			<convert type="ServiceName">Name</convert>
		</widget>
		<!-- picture -->
		<ePixmap pixmap="menu/mediacenter.png" position="40,80" zPosition="1" size="122,122" alphatest="blend" />
		<!-- Video Size -->
		<widget source="session.CurrentService" render="Label" position="1460,56" size="70,28" backgroundColor="background" font="Regular;24" halign="right" transparent="1">
			<convert type="ServiceInfo">VideoWidth</convert>
		</widget>
		<eLabel position="1540,56" size="15,28" backgroundColor="background" transparent="1" text="x" font="Regular;24" halign="center" />
		<widget source="session.CurrentService" render="Label" position="1563,56" size="70,28" backgroundColor="background" font="Regular;24" halign="left" transparent="1">
			<convert type="ServiceInfo">VideoHeight</convert>
		</widget>
		<!-- Audio icon (is there multichannel audio?) -->
		<ePixmap pixmap="skin_default/icons/ico_dolby_off.png" position="1640,56" size="60,28" alphatest="blend" />
		<widget source="session.CurrentService" render="Pixmap" pixmap="skin_default/icons/ico_dolby_on.png" position="1640,56" size="60,28" zPosition="1" alphatest="blend">
			<convert type="ServiceInfo">IsMultichannel</convert>
			<convert type="ConditionalShowHide" />
		</widget>
		<!-- Videoformat icon (16:9?) -->
		<ePixmap pixmap="skin_default/icons/ico_format_off.png" position="1710,56" size="60,28" alphatest="blend" />
		<widget source="session.CurrentService" render="Pixmap" pixmap="skin_default/icons/ico_format_on.png" position="1710,56" size="60,28" zPosition="1" alphatest="blend">
			<convert type="ServiceInfo">IsWidescreen</convert>
			<convert type="ConditionalShowHide" />
		</widget>
		<!-- HDTV icon -->
		<widget source="session.CurrentService" render="Pixmap" pixmap="skin_default/icons/ico_hd_off.png" position="1780,56" size="60,28" alphatest="blend">
			<convert type="ServiceInfo">VideoWidth</convert>
			<convert type="ValueRange">0,720</convert>
			<convert type="ConditionalShowHide" />
		</widget>
		<widget source="session.CurrentService" render="Pixmap" pixmap="skin_default/icons/ico_hd_on.png" position="1780,56" size="60,28" zPosition="1" alphatest="blend">
			<convert type="ServiceInfo">VideoWidth</convert>
			<convert type="ValueRange">721,1980</convert>
			<convert type="ConditionalShowHide" />
		</widget>
		<!-- movie length -->
		<widget source="session.CurrentService" render="Label" position="400,90" size="1100,28" font="Regular;26" halign="center" backgroundColor="background" transparent="1">
			<convert type="ServicePosition">Length</convert>
		</widget>
		<!-- Elapsed time -->
		<widget source="session.CurrentService" render="Label" position="130,137" size="250,28" font="Regular;26" halign="right" backgroundColor="background" transparent="1">
			<convert type="ServicePosition">Position</convert>
		</widget>
		<!-- Progressbar (movie position)-->
		<eLabel position="400,149" size="1100,3" backgroundColor="grey" />
		<widget source="session.CurrentService" render="Progress" position="400,146" size="1100,10" zPosition="1" pixmap="skin_default/progress.png" transparent="1">
			<convert type="ServicePosition">Position</convert>
		</widget>
		<widget source="session.CurrentService" render="PositionGauge" position="400,143" size="1100,14" zPosition="2" backgroundColor="background" transparent="1">
			<convert type="ServicePosition">Gauge</convert>
		</widget>
		<!-- Remaining time -->
		<widget source="session.CurrentService" render="Label" position="1530,137" size="250,28" font="Regular;26" halign="left" backgroundColor="background" transparent="1">
			<convert type="ServicePosition">Remaining,Negate</convert>
		</widget>
	</screen>
	
	<!-- missing Seekbar -->
	
	<!-- Movie context menu -->
	<screen name="MovieContextMenu" position="center,111" size="1400,880" title="Movielist menu" flags="wfBorder" backgroundColor="background">
		<widget name="menu" position="11,10" size="1379,840" itemHeight="40" scrollbarMode="showNever" />
	</screen>
</skin>
