<?xml version="1.0" encoding="UTF-8"?>
<skin>
    <!--    Skin: NitroFHD | Author: capa | Resolution: 1920x1080 32Bit  -->
    <!-- converted to OE-Alliance by KiddaC -->
    <output id="0">
        <resolution xres="1920" yres="1080" bpp="32" />
    </output>
    <!-- includes -->
    <include filename="nitro-general.xml" />
    <include filename="nitro-wizards.xml" />
    <include filename="nitro-menus.xml" />
    <include filename="nitro-movies.xml" />
    <include filename="nitro-epg.xml" />
    <include filename="nitro-information.xml" />
    <include filename="nitro-timers.xml" />
    <include filename="nitro-channel-selection.xml" />
    <include filename="nitro-infobar.xml" />
    <include filename="nitro-eventview.xml" />
    <include filename="nitro-plugins.xml" />
    <include filename="nitro-network.xml" />
    <include filename="nitro-lcd.xml" />
    <!-- fonts -->
    <fonts>
        <!-- default skin fonts -->
        <font name="GoodT" filename="fonts/fu_goodtime.ttf" scale="100" />
        <font name="Regular" filename="fonts/RbC_L.ttf" scale="106" />
        <font name="Italic" filename="fonts/RbC_Li.ttf" scale="106" />
        <font name="Bold" filename="fonts/RbC_R.ttf" scale="106" />
        <font name="Nitro_L" filename="fonts/MF_cp.ttf" scale="100" />
        <font name="Subtitlefont" filename="/usr/share/fonts/nmsbd.ttf" scale="100" />
        <font name="LCD" filename="/usr/share/fonts/lcd.ttf" scale="100" />
        <font name="Replacement" filename="/usr/share/fonts/ae_AlMateen.ttf" scale="100" replacement="1" />
        <!-- context menu -->
        <alias name="ChoiceList" font="Regular" size="30" height="40" />
        <!-- plugins -->
        <alias name="PluginBrowser0" font="Regular" size="30" height="45" />
        <!-- plugin name -->
        <alias name="PluginBrowser1" font="Regular" size="24" height="30" />
        <!-- plugin description -->
        <!-- help menus -->
        <alias name="HelpMenuList" font="Regular" size="33" height="45" />
        <!-- virtual keyboard -->
        <alias name="VirtualKeyboard" font="Regular" size="27" height="68" />
        <!-- legacy -->
        <alias name="VirtualKeyBoard" font="Regular" size="27" height="68" />
        <!-- used on tuner config - positioner -->
        <alias name="SelectionList" font="Regular" size="33" height="78" />
        <!-- locationbox i.e movie file location  -->
        <alias name="FileList" font="Regular" size="33" height="78" />
        <alias name="FileListMulti" font="Regular" size="33" height="78" />
    </fonts>
    <subtitles>
        <sub font="Regular;34" foregroundColor="foreground" name="Subtitle_TTX" shadowColor="background2" shadowOffset="2,2" />
        <sub font="Regular;34" foregroundColor="foreground" name="Subtitle_Regular" shadowColor="background2" shadowOffset="2,2" />
        <sub font="Regular;34" foregroundColor="foreground" name="Subtitle_Bold" shadowColor="background2" shadowOffset="2,2" />
        <sub font="Regular;34" foregroundColor="foreground" name="Subtitle_Italic" shadowColor="background2" shadowOffset="2,2" />
    </subtitles>
    <!-- default colour list -->
    <colors>
        <!-- slyk q colors -->
        <color name="zapgreen" value="#00007f0e" />
        <color name="skydarkblue" value="#0016356e" />
        <color name="button-bg" value="#1a4273" />
        <color name="select-darkblue-bg" value="#0c3764" />
        <color name="select-lightblue-bg" value="#006fce" />
        <color name="skytitlebackground" value="#0153a6" />
        <color name="messageboxbg" value="#0153a6" />
        <color name="skylightblue" value="#97c2ed" />
        <color name="text-shadow" value="#000000" />
        <color name="blackglass" value="#4d000000" />
        <!-- 90% = 1a000000 / 80% = 34000000 / 70% = 4d000000 / -->
        <color name="skycyan" value="#5fa4cc" />
        <color name="bluetext" value="#6dcff6" />
        <color name="guidecolor" value="#6dcff6" />
        <!-- channel selection second colour -->
        <color name="epg" value="#09539e" />
        <color name="epg-now" value="#135aa2" />
        <color name="epg-selected" value="#2e6dac" />
        <color name="topleft" value="#014890" />
        <color name="topmid" value="#015bb4" />
        <color name="topright" value="#0168cb" />
        <color name="midleft" value="#024488" />
        <color name="mid" value="#0152a4" />
        <color name="midright" value="#0063c3" />
        <color name="botleft" value="#023d7e" />
        <color name="botmid" value="#014c9a" />
        <color name="botright" value="#005fbb" />
        <color name="select-middle" value="#0c3764" />
        <color name="infobargrey" value="#8d8d8b" />
        <color name="progress-bg" value="#252525" />
        <!-- nitro colors -->
        <color name="background" value="#153439" />
        <color name="background2" value="#061920" />
        <color name="background40" value="#10272727" />
        <color name="background60" value="#30272727" />
        <color name="background80" value="#60000000" />
        <color name="black" value="#090909" />
        <color name="blue" value="#2980B9" />
        <color name="blue2" value="#3498DB" />
        <color name="foreground" value="#f3f3f3" />
        <color name="foreground2" value="#a7aab5" />
        <color name="green" value="#41a166" />
        <color name="green2" value="#4dc27a" />
        <color name="greenB" value="#02BEB4" />
        <color name="grey" value="#a7a7a7" />
        <color name="grey2" value="#828282" />
        <color name="grey3" value="#646464" />
        <color name="orange" value="#e57a2d" />
        <color name="crimson" value="#DC143C" />
        <color name="purple" value="#7b489c" />
        <color name="red" value="#C0392B" />
        <color name="redB" value="#ab3536" />
        <color name="shadow" value="#00bbc0c0" />
        <color name="transparent" value="#ff000000" />
        <color name="transpBlack" value="#80000000" />
        <color name="transpWhite" value="#80ffffff" />
        <color name="white" value="#dfdfdf" />
        <color name="yellow" value="#eaaf39" />
        <color name="yellowB" value="#15dba15a" />
        <color name="movieFinished" value="#b06d21" />
        <color name="movieRecording" value="#aa3432" />
        <color name="movieWatching" value="#39a8e0" />
        <color name="selBar" value="#153439" />
        <color name="selBarBorder" value="#6A821D" />
        <color name="selBarForeground" value="#aac86a" />
        <color name="Nitro" value="#6A821D" />
        <color name="Nitro2" value="#84A61F" />
        <color name="Nitro3" value="#abd925" />
    </colors>
    <!-- default colours -->
    <windowstyle type="skinned" id="0">
        <title offset="40,8" font="Nitro_L;34" />
        <color name="Background" color="background" />
        <color name="LabelForeground" color="foreground" />
        <color name="ListboxBackground" color="background" />
        <color name="ListboxForeground" color="foreground" />
        <color name="ListboxSelectedBackground" color="selBar" />
        <color name="ListboxSelectedForeground" color="selBarForeground" />
        <color name="ListboxMarkedBackground" color="#b33128" />
        <color name="ListboxMarkedForeground" color="foreground" />
        <color name="ListboxMarkedAndSelectedBackground" color="#4176b6" />
        <color name="ListboxMarkedAndSelectedForeground" color="#ff00" />
        <color name="WindowTitleForeground" color="background" />
        <color name="WindowTitleBackground" color="Nitro" />
        <!-- <color name="WindowDimmer" color="#35b2b2b2" /> -->
        <!-- menu border -->
        <borderset name="bsWindow">
            <pixmap pos="bpTop" filename="screens/bs_top.png" />
            <pixmap pos="bpBottom" filename="screens/bs_bottom.png" />
        </borderset>
        <borderset name="bsListboxEntry">
			<pixmap pos="bpTop" filename="screens/border-line.png" />
            <pixmap pos="bpBottom" filename="screens/border-line.png" />
        </borderset>
        <listfont type="Bigger" font="Regular" size="34" />
        <listfont type="Big" font="Regular" size="32" />
        <listfont type="Medium" font="Regular" size="30" />
        <listfont type="Small" font="Regular" size="28" />
        <listfont type="Smaller" font="Regular" size="26" />
    </windowstyle>
    <!-- Main screen colors (id=1 LCD) -->
    <windowstyle type="skinned" id="1">
        <color name="Background" color="black" />
        <color name="LabelForeground" color="white" />
        <color name="ListboxBackground" color="black" />
        <color name="ListboxForeground" color="white" />
        <color name="ListboxSelectedBackground" color="black" />
        <color name="ListboxSelectedForeground" color="white" />
        <color name="ListboxMarkedBackground" color="black" />
        <color name="ListboxMarkedForeground" color="white" />
        <color name="ListboxMarkedAndSelectedBackground" color="black" />
        <color name="ListboxMarkedAndSelectedForeground" color="white" />
        <color name="WindowTitleForeground" color="white" />
        <color name="WindowTitleBackground" color="black" />
    </windowstyle>
    <!-- Main screen colors (id=2 Color OLED (dm800se)) -->
    <windowstyle type="skinned" id="2">
        <color name="Background" color="black" />
        <color name="LabelForeground" color="white" />
        <color name="ListboxBackground" color="black" />
        <color name="ListboxForeground" color="white" />
        <color name="ListboxSelectedBackground" color="black" />
        <color name="ListboxSelectedForeground" color="white" />
        <color name="ListboxMarkedBackground" color="black" />
        <color name="ListboxMarkedForeground" color="white" />
        <color name="ListboxMarkedAndSelectedBackground" color="black" />
        <color name="ListboxMarkedAndSelectedForeground" color="white" />
        <color name="WindowTitleForeground" color="white" />
        <color name="WindowTitleBackground" color="black" />
    </windowstyle>
    <!-- Main screen colors (id=3 Color LCD (dm900UHD)) -->
    <windowstyle type="skinned" id="3">
        <color name="Background" color="#060606" />
        <color name="LabelForeground" color="#ffffff" />
        <color name="ListboxBackground" color="#000000" />
        <color name="ListboxForeground" color="#ffffff" />
        <color name="ListboxSelectedBackground" color="#000000" />
        <color name="ListboxSelectedForeground" color="#ffffff" />
        <color name="ListboxMarkedBackground" color="#000000" />
        <color name="ListboxMarkedForeground" color="#ffffff" />
        <color name="ListboxMarkedAndSelectedBackground" color="#000000" />
        <color name="ListboxMarkedAndSelectedForeground" color="#ffffff" />
        <color name="WindowTitleForeground" color="#ffffff" />
        <color name="WindowTitleBackground" color="#000000" />
    </windowstyle>
    <windowstylescrollbar id="4">
        <value name="BackgroundPixmapTopHeight" value="1" />
        <value name="BackgroundPixmapBottomHeight" value="1" />
        <value name="ValuePixmapTopHeight" value="0" />
        <value name="ValuePixmapBottomHeight" value="0" />
        <value name="ScrollbarWidth" value="12" />
        <value name="ScrollbarBorderWidth" value="0" />
        <pixmap name="BackgroundPixmap" filename="nitrofhd-oealliance/images/scrollbarBG.png" />
        <pixmap name="ValuePixmap" filename="nitrofhd-oealliance/images/scrollbarsliderGreen.png" />
    </windowstylescrollbar>
    <parameters>
        <parameter name="AutotimerEnabledIcon" value="15,6,38,36" />
        <!-- Autotimer tick box -->
        <parameter name="AutotimerRecordIcon" value="68,9,30,30" />
        <!-- Autotimer Record Icon -->
        <parameter name="ChoicelistDash" value="0,0,880,40" />
        <parameter name="ChoicelistName" value="80,0,1260,40" />
        <parameter name="ChoicelistIcon" value="5,11,36,18" />
        <parameter name="ConfigListSeperator" value="400" />
        <!-- example is LocationBox -->
        <parameter name="FileListIcon" value="15,21,38,36" />
        <parameter name="FileListName" value="68,20,895,78" />
        <parameter name="FileListMultiLock" value="15,21,38,36" />
        <parameter name="FileListMultiIcon" value="68,24,30,30" />
        <parameter name="FileListMultiName" value="111,20,852,78" />
        <parameter name="HelpMenuListHlp" value="15,20,1050,78" />
        <!-- help menu text -->
        <parameter name="HelpMenuListExtHlp0" value="15,6,1050,45" />
        <parameter name="HelpMenuListExtHlp1" value="0,50,1050,39" />
        <parameter name="PluginBrowserIcon" value="15,11,150,60" />
        <!-- plugins main icon -->
        <parameter name="PluginBrowserName" value="180,5,45" />
        <!-- plugins name -->
        <parameter name="PluginBrowserDescr" value="180,42,30" />
        <!-- plugins description -->
        <parameter name="PluginBrowserDownloadIcon" value="15,0,90,83" />
        <!-- plugins + - boxed icon -->
        <parameter name="PluginBrowserDownloadName" value="120,5,45" />
        <!-- plugins download name - see font alias PluginBrowser0 -->
        <parameter name="PluginBrowserDownloadDescr" value="120,42,30" />
        <!-- plugins download description -see font alias PluginBrowser1 -->
        <!-- information - services -->
        <parameter name="ServiceInfo" value="0,0,1002,45" />
        <parameter name="ServiceInfoLeft" value="0,0,375,45" />
        <parameter name="ServiceInfoRight" value="375,0,555,45" />
        <!-- used on tuner config - positioner -->
        <parameter name="SelectionListDescr" value="68,10,895,78" />
        <parameter name="SelectionListLock" value="15,11,38,36" />
        <parameter name="SelectionListLockOff" value="15,11,38,36" />
        <parameter name="VirtualKeyboard" value="60,60" />
        <!-- legacy -->
        <parameter name="VirtualKeyBoard" value="60,60" />
        <parameter name="VirtualKeyBoardAlignment" value="0,0" />
        <parameter name="VirtualKeyBoardPadding" value="7,7" />
        <parameter name="EPGImportFilterListLockOn" value="15,21,38,36" />
        <parameter name="EPGImportFilterListLockOff" value="15,21,38,36" />
        <parameter name="EPGImportFilterListDescr" value="68,20,895,78" />
    </parameters>
</skin>
